<?xml version="1.0" encoding="UTF-8"?>
<!DOCTYPE hibernate-configuration PUBLIC
		"-//Hibernate/Hibernate Configuration DTD 3.0//EN"
		"http://www.hibernate.org/dtd/hibernate-configuration-3.0.dtd">
<hibernate-configuration>
	<session-factory>
		<property name="hibernate.connection.driver_class">com.microsoft.sqlserver.jdbc.SQLServerDriver</property>
		<property name="hibernate.connection.url">jdbc:sqlserver://localhost:1433;databaseName=movietheaterdb2</property>
		<property name="hibernate.connection.username">sa</property>
		<property name="hibernate.connection.password">fadn@2020</property>
		<property name="hibernate.dialect">org.hibernate.dialect.SQLServer2012Dialect</property>
		<property name="hibernate.connection.pool_size">1</property>
		<property name="show_sql">true</property>
		<property name="hbm2ddl.auto">create</property>

		<mapping class="training.entities.Movie" />
		<mapping class="training.entities.MovieType" />
		<mapping class="training.entities.Type" />
	</session-factory>
</hibernate-configuration>
