<?xml version="1.0" encoding="UTF-8"?>
<!DOCTYPE hibernate-configuration PUBLIC
		"-//Hibernate/Hibernate Configuration DTD 3.0//EN"
		"http://www.hibernate.org/dtd/hibernate-configuration-3.0.dtd">
<hibernate-configuration>
	<session-factory>
		<property name="hibernate.connection.driver_class">com.microsoft.sqlserver.jdbc.SQLServerDriver</property>
		<property name="hibernate.connection.url">jdbc:sqlserver://localhost:1433;databaseName=movietheaterdb</property>
		<property name="hibernate.connection.username">sa</property>
		<property name="hibernate.connection.password">fadn@2020</property>
		<!-- SQL dialect -->
        <property name="hibernate.dialect">org.hibernate.dialect.SQLServer2012Dialect</property>
        
        <!-- Disable the second-level cache -->
        <property name="cache.provider_class">org.hibernate.cache.NoCacheProvider</property>

        <property name="hibernate.connection.pool_size">1</property>

        <!-- Echo all executed SQL to stdout -->
        <!-- show hbm sql tu gene ra -->
        <property name="show_sql">true</property>

        <!-- hbm2ddl.auto: 
        create: tao moi cac table// update: thay doi cac dieu kien nhu FK
        validate: validate the schema, makes no changes to the database. 
        update: update the schema. create: creates the schema, destroying previous data. 
        create-drop: drop the schema when the SessionFactory is closed explicitly, typically when the application is stopped. 
        none: does nothing with the schema, makes no changes to the database -->
        <property name="hbm2ddl.auto">create</property>

        <!-- Config Current Session -->
        <property name="hibernate.current_session_context_class">thread</property>

        <property name="hibernate.enable_lazy_load_no_trans">true</property>

		<mapping class="training.hibernate.entities.Room" />
		<mapping class="training.hibernate.entities.RoomDetail" />
		<mapping class="training.hibernate.entities.Seat" />
	</session-factory>
</hibernate-configuration>
